rel,src,alt
default,1,
default,2,
default,3,
commercial,com-2,
commercial,com-3,
commercial,com-4,
commercial,com-5,
commercial,com-6,
commercial,com-7,
commercial,com-8,
commercial,com-9,
commercial,com-10,
commercial,com-11,
commercial,com-12,
commercial,com-13,
commercial,com-14,
commercial,com-15,
commercial,com-16,
commercial,com-17,
commercial,com-18,
commercial,com-19,
commercial,com-20,
commercial,com-21,
commercial,com-22,
commercial,com-23,
commercial,com-24,
commercial,com-25,
commercial,com-26,
commercial,com-27,
commercial,com-28,